﻿<?xml version="1.0" encoding="UTF-8"?>
<manifest versionCode="1.0.0" naoqiVersion="1.14">
<natures>
     <nature>task</nature>
</natures>
<types>
     <type>yoga</type>
</types>
<icon>https://store.aldebaran-robotics.com/software/yoga-adventure/icon256.png</icon>
<resources>
	<resource>NAO</resource>
</resources>

<local language="english">
	<name>Yoga Adventure</name>
  <description>Nao practises yoga with you</description>
	<triggers>
	  <triggerSentences>
	    <sentence>yoga app</sentence>
		<sentence>yoga exercise</sentence>
	  </triggerSentences>
	</triggers>
	<loadingsentences>
	  <loadingsentence>Let's see how you can stretch!</loadingsentence>
	  <loadingsentence>Yoga is so much fun!</loadingsentence>
	</loadingsentences>
</local>
<local language="spanish">
	<name>Yoga Aventura</name>
  <description>NAO hace yoga contigo</description>
	<triggers>
	  <triggerSentences>
	    <sentence>yoga aplicación</sentence>
		<sentence>ejercicios de yoga</sentence>
	  </triggerSentences>
	</triggers>
	<loadingsentences>
	  <loadingsentence>Vamos a ver cómo te puedes estirar!</loadingsentence>
	  <loadingsentence>El yoga es tan divertido!</loadingsentence>
	</loadingsentences>
</local>
<local language="french">
	<name>L'aventure Yoga</name>
  <description>NAO fait du yoga avec toi</description>
	<triggers>
	  <triggerSentences>
	    <sentence>application yoga</sentence>
		<sentence>exercices de yoga</sentence>
	  </triggerSentences>
	</triggers>
	<loadingsentences>
	  <loadingsentence>Voyons voir si tu arrives à t'étirer !</loadingsentence>
	  <loadingsentence>Le yoga c'est vraiment amusant !</loadingsentence>
	</loadingsentences>
</local>
<local language="german">
	<name>Yoga Abenteuer</name>
  <description>Nao macht Yoga-übungen mit dir</description>
	<triggers>
	  <triggerSentences>
	    <sentence>yoga spiel</sentence>
		<sentence>yoga übung</sentence>
	  </triggerSentences>
	</triggers>
	<loadingsentences>
	  <loadingsentence>Mal sehen, wie sehr du dich dehnen kannst!</loadingsentence>
	  <loadingsentence>Yoga macht so viel Spaß!</loadingsentence>
	</loadingsentences>
</local>
<parameter name="Enable Instructions"  memory-name="yoga-adventure/instructions" type="bool" default_value="True" tooltip="check if instruction is to be played at the beginning of the task" />
<parameter name="Number of Trials" memory-name="yoga-adventure/questions" type="int" default_value="3" min="1" max="15" tooltip="the total number of questions for the game" />
<parameter name="Enable Skip" memory-name="yoga-adventure/enable-skip" type="bool" default_value="False" tooltip="Check this box if you would like NAO to ask if he should continue after each task in the app" />
<parameter name="Mode" memory-name="yoga-adventure/mode" type="str" default_value="Mode2: Yoga Session" tooltip="the mode of the game" custom_choice="0">
         <choice value="Mode1: Interactive" />
         <choice value="Mode2: Yoga Session" />
</parameter>

<parameter tooltip="Include this pose in the session" default_value="True" type="bool" memory-name="yoga-adventure/tree" name="Tree"/>
<parameter tooltip="Include this pose in the session" default_value="True" type="bool" memory-name="yoga-adventure/waterfall" name="Waterfall"/>
<parameter tooltip="Include this pose in the session" default_value="True" type="bool" memory-name="yoga-adventure/frog" name="Frog"/>
<parameter tooltip="Include this pose in the session" default_value="True" type="bool" memory-name="yoga-adventure/ragdoll" name="Ragdoll"/>
<parameter tooltip="Include this pose in the session" default_value="True" type="bool" memory-name="yoga-adventure/crescentmoon" name="Crescent Moon"/>
<parameter tooltip="Include this pose in the session" default_value="True" type="bool" memory-name="yoga-adventure/monkey" name="Monkey"/>
<parameter tooltip="Include this pose in the session" default_value="True" type="bool" memory-name="yoga-adventure/airplane" name="Airplane"/>
<parameter tooltip="Include this pose in the session" default_value="True" type="bool" memory-name="yoga-adventure/star" name="Star"/>
<parameter tooltip="Include this pose in the session" default_value="True" type="bool" memory-name="yoga-adventure/kite" name="Kite"/>
<parameter tooltip="Include this pose in the session" default_value="True" type="bool" memory-name="yoga-adventure/chair" name="Chair"/>
<parameter tooltip="Include this pose in the session" default_value="True" type="bool" memory-name="yoga-adventure/warrior2" name="Warrior 2"/>

<records>
</records>

</manifest>
