<?xml version='1.0' encoding='UTF-8'?>
<package version="2.0.6" uuid="yoga-adventure">
 <names>
  <name lang="de_DE">Yoga Abenteuer</name>
  <name lang="en_US">Yoga Adventure</name>
  <name lang="es_ES">Yoga Aventura</name>
  <name lang="fr_FR">L'aventure Yoga</name>
 </names>
 <descriptions>
  <description lang="de_DE">Nao macht Yoga-übungen mit dir</description>
  <description lang="en_US">Nao practises yoga with you</description>
  <description lang="es_ES">NAO hace yoga contigo</description>
  <description lang="fr_FR">NAO fait du yoga avec toi</description>
 </descriptions>
 <supportedLanguages>
  <language>en_US</language>
  <language>fr_FR</language>
  <language>de_DE</language>
  <language>es_ES</language>
 </supportedLanguages>
 <descriptionLanguages>
  <language>en_US</language>
  <language>fr_FR</language>
  <language>de_DE</language>
  <language>es_ES</language>
 </descriptionLanguages>
 <contents>
  <behaviorContent path=".">
   <nature>interactive</nature>
   <names>
    <name lang="de_DE">Yoga Abenteuer</name>
    <name lang="en_US">Yoga Adventure</name>
    <name lang="es_ES">Yoga Aventura</name>
    <name lang="fr_FR">L'aventure Yoga</name>
   </names>
   <descriptions>
    <description lang="de_DE">Nao macht Yoga-übungen mit dir</description>
    <description lang="en_US">Nao practises yoga with you</description>
    <description lang="es_ES">NAO hace yoga contigo</description>
    <description lang="fr_FR">NAO fait du yoga avec toi</description>
   </descriptions>
   <triggerSentences>
    <sentence lang="de_DE">yoga spiel</sentence>
    <sentence lang="de_DE">yoga übung</sentence>
    <sentence lang="en_US">yoga app</sentence>
    <sentence lang="en_US">yoga exercise</sentence>
    <sentence lang="es_ES">yoga aplicación</sentence>
    <sentence lang="es_ES">ejercicios de yoga</sentence>
    <sentence lang="fr_FR">application yoga</sentence>
    <sentence lang="fr_FR">exercices de yoga</sentence>
   </triggerSentences>
   <loadingResponses>
    <sentence lang="de_DE">Mal sehen, wie sehr du dich dehnen kannst!</sentence>
    <sentence lang="de_DE">Yoga macht so viel Spaß!</sentence>
    <sentence lang="en_US">Let's see how you can stretch!</sentence>
    <sentence lang="en_US">Yoga is so much fun!</sentence>
    <sentence lang="es_ES">Vamos a ver cómo te puedes estirar!</sentence>
    <sentence lang="es_ES">El yoga es tan divertido!</sentence>
    <sentence lang="fr_FR">Voyons voir si tu arrives à t'étirer !</sentence>
    <sentence lang="fr_FR">Le yoga c'est vraiment amusant !</sentence>
   </loadingResponses>
   <permissions/>
  </behaviorContent>
 </contents>
 <requirements>
  <robotRequirement model="NAO"/>
  <naoqiRequirement minVersion="2.0.2"/>
 </requirements>
 <autism>
	<natures>
     <nature>task</nature>
	</natures>
	<types>
		 <type>yoga</type>
	</types>
	<resources>
		<resource>NAO</resource>
	</resources>
	<parameter name="Enable Instructions"  memory-name="yoga-adventure/instructions" type="bool" default_value="True" tooltip="check if instruction is to be played at the beginning of the task" />
	<parameter name="Number of Trials" memory-name="yoga-adventure/questions" type="int" default_value="3" min="1" max="15" tooltip="the total number of questions for the game" />
	<parameter name="Enable Skip" memory-name="yoga-adventure/enable-skip" type="bool" default_value="False" tooltip="Check this box if you would like NAO to ask if he should continue after each task in the app" />
	<parameter name="Mode" memory-name="yoga-adventure/mode" type="str" default_value="Mode2: Yoga Session" tooltip="the mode of the game" custom_choice="0">
			 <choice value="Mode1: Interactive" />
			 <choice value="Mode2: Yoga Session" />
	</parameter>

	<parameter tooltip="Include this pose in the session" default_value="True" type="bool" memory-name="yoga-adventure/tree" name="Tree"/>
	<parameter tooltip="Include this pose in the session" default_value="True" type="bool" memory-name="yoga-adventure/waterfall" name="Waterfall"/>
	<parameter tooltip="Include this pose in the session" default_value="True" type="bool" memory-name="yoga-adventure/frog" name="Frog"/>
	<parameter tooltip="Include this pose in the session" default_value="True" type="bool" memory-name="yoga-adventure/ragdoll" name="Ragdoll"/>
	<parameter tooltip="Include this pose in the session" default_value="True" type="bool" memory-name="yoga-adventure/crescentmoon" name="Crescent Moon"/>
	<parameter tooltip="Include this pose in the session" default_value="True" type="bool" memory-name="yoga-adventure/monkey" name="Monkey"/>
	<parameter tooltip="Include this pose in the session" default_value="True" type="bool" memory-name="yoga-adventure/airplane" name="Airplane"/>
	<parameter tooltip="Include this pose in the session" default_value="True" type="bool" memory-name="yoga-adventure/star" name="Star"/>
	<parameter tooltip="Include this pose in the session" default_value="True" type="bool" memory-name="yoga-adventure/kite" name="Kite"/>
	<parameter tooltip="Include this pose in the session" default_value="True" type="bool" memory-name="yoga-adventure/chair" name="Chair"/>
	<parameter tooltip="Include this pose in the session" default_value="True" type="bool" memory-name="yoga-adventure/warrior2" name="Warrior 2"/>
 </autism>
</package>
