﻿Key;English;French;Spanish;German
1;Welcome to yoga adventure!;Bienvenue dans l'aventure Yoga !;Bienvenidos al juego yoga aventura!;Willkommen zum Spiel Yoga Abenteuer!
2;Sorry I have problems starting this app. Please try again later!;Désolé, je n'arrive pas à démarrer cette application.;Lo siento, tengo problemas al iniciar esta aplicación.;Leider habe ich momentan Probleme dieses Programm zu starten. Bitte versuche es später erneut!
3;Press my front head sensor to skip these instructions. Today, I'm going to be your yoga teacher, and I'll be showing you some yoga poses. Please be attentive and try to copy my moves! If you want to stop the game at any time just press, and hold, all three of my head sensors for 3 seconds.;Touche le capteur avant de ma tête pour passer les instructions. Aujourd'hui, je suis ton professeur de yoga et je vais te montrer des postures de yoga. S'il te plait, sois attentif et essaie de reproduire mes mouvements. Si tu veux arrêter le jeu à tout moment il suffit d'appuyer sur les trois capteurs de ma tête pendant 3 secondes.;Oprima el sensor frontal de mi cabeza para omitir las instrucciones. Hoy soy tu profesor de yoga y te voy a mostrar algunas posturas de yoga. Por favor, mira con atención y trata de imitar mis movimientos. Si deseas terminar el juego en cualquier momento, es suficiente presionar los tres sensores de mi cabeza y mantenerlos pulsados durante 3 segundos;Berühre meinen Kopfsensor um die Anleitung zu überspringen. Ich bin heute dein Yoga Lehrer und werde dir einige Yoga-übungen zeigen. Bitte pass gut auf und versuche meine Bewegungen nachzuahmen! Wenn du das Spiel abbrechen möchtest, dann halte meine 3 Kopfsensoren für 3 Sekunden gedrückt.
4;Press my front head sensor to skip these instructions. Today, I'm going to practise yoga with you. This is an interactive yoga lesson which means, we will take it in turns deciding which yoga moves to practise together! Please speak after the beep when I will be listening. If you want to stop the game at any time just press, and hold, all three of my head sensors for 3 seconds.;Touche le capteur avant de ma tête pour passer les instructions. Aujourd'hui je vais faire du yoga avec toi. C'est une leçon de yoga interactive. Nous allons décider à tour de rôle quels mouvements nous allons faire ensemble ! Réponds après le bip, quand je t'écouterai. Si tu veux arrêter le jeu à tout moment il suffit d'appuyer sur les trois capteurs de ma tête pendant 3 secondes.;Oprima el sensor frontal de mi cabeza para omitir las instrucciones. Hoy voy a hacer yoga contigo. Es una clase de yoga interactiva. Vamos a decidir con vueltas que movimientos vamos a hacer! Por favor, hable después de la señal, cuando voy a estar escuchando. Si deseas terminar el juego en cualquier momento, es suficiente presionar los tres sensores de mi cabeza y mantenerlos pulsados durante 3 segundos;Berühre meinen Kopfsensor um die Anleitung zu überspringen. Ich werde heute ein paar Yogaübungen mit dir machen. Diese Yoga-sitzung wird interaktiv sein, das heißt wir werden abwechselnd entscheiden, welche übung wir als nächstes zusammen machen werden. Bitte antworte erst nach dem Biepton, damit ich deine Antwort verstehen kann. Wenn du das Spiel abbrechen möchtest, dann halte meine 3 Kopfsensoren für 3 Sekunden gedrückt.
5;Let's start with the \Pau=100\ %s / Ok Let's continue with our next pose: the \Pau=100\ %s / The next pose is called the \Pau=100\ %s / Our next exercise is the %s;Commençons avec la %s / Très bien, continuons avec une autre posture : la %s / La posture suivante est appelée la %s / Notre prochain exercice est la %s;Vamos a empezar con la \Pau=100\ %s / Muy bien, vamos a seguir con otra postura : la \Pau=100\ %s / La postura siguiente se llama la \Pau=100\ %s / El ejercicio siguiente es la %s;Lass uns mit der %s beginnen / Ok lass uns mit der nächsten übung weitermachen: die %s / Unsere nächste Position heißt %s / Unsere nächste übung ist die %s
6;namastay;Namasté !;Namaste!;Nah-mahs-tee
7;Very well / Good job / Good / Well done / Nice / Great;Très bien / Bon travail / Bien joué / Bien / Super;Bien / Muy bien / Buen trabajo / estupendo;Sehr gut / Gut gemacht / Gut / Schön / Schön gemacht / Super
8;That was great! I hope you liked the yoga session! / It was awesome! I really like doing yoga with you! / That was super! I hope you enjoyed the yoga lesson!;C'était super ! J'espère que tu as aimé cette session de yoga ! / C'était formidable ! J'aime vraiment faire du yoga avec toi ! / C'était chouette ! J'espère que tu as apprécié la leçon de yoga !;Que bien, espero que la clase de yoga te ha gustado!/Fue genial, me encanta hacer yoga contigo !/Impresionante! Espero que has disfrutado de la clase de yoga!;Das war spitze! Ich hoffe dir hat die Yoga stunde gefallen! / Es war großartig! Ich mache wirklich gerne Yoga mit dir! / Das war super! Ich hoffe, dir haben die Yoga übungen gefallen
9;Try to copy my movements / Do like me / Try to imitate my movements / Please copy my movements!;Essaie d'imiter mes mouvements / Fais comme moi / Essaie de copier mes mouvements / S'il te plait, imite mes mouvements !;Trata de imitar mis movimientos / Haz lo que hago! / Trata de copiar mis movimientos / Por favor, imita mis movimientos!;Versuch meine Bewegungen nachzumachen / Mach mir nach / Versuch meine Bewegungen zu imitieren / Bitte mach mir nach
10;Ok our yoga session is already over / Our yoga session is over now / We've already reached the end of our yoga session;Notre leçon de yoga est déjà terminée / Notre leçon de yoga est terminée maintenant / Nous avons déjà atteint la fin de notre leçon de yoga.;Nuestra clase de yoga ya ha terminado. / Nuestra clase de yoga ha terminado./ Ya hemos llegado a la fin de nuestra clase de yoga.;Ok unsere Yoga stunde ist bereits vorbei / Unsere Yoga Sitzung ist nun zu Ende / Wir sind bereits am Ende unserer Yoga Sitzung angelangt
11;It's your turn! Which yoga pose do you want us to perform? / Now you can choose! Tell me which movement you want to do next! / Please choose the next yoga pose!;C'est à toi ! Quelle posture de yoga veux-tu que nous fassions ?/ Maintenant à toi de choisir ! Dis moi quel mouvement tu veux faire après. / S'il te plait, choisis la posture de yoga suivante.;Ahora es tu turno ! Que postura de yoga quieres hacer ? / Ahora tienes que elegir . Dime que movimiento quieres hacer después. / Por favor, elige la postura de yoga siguiente.;Du bist dran! Welche Yoga Position möchtest du gern machen? / Nun kannst du wählen! Sag mir welche Bewegung du als nächstes machen möchtest / Bitte sag mir die nächste Yoga übung!
12;Great! Let's do it! / Good choice! Let's start! / I like that pose! Let's begin!;Super ! Allons-y ! / Bon choix ! Commençons ! / J'aime cette posture ! Commençons !;Estupendo! Vamos! / Buena elección! Vamos a empezar! / Me gusta esta postura ! Comencemos !;Super! Lass uns das machen! / Gute Wahl! Lass uns anfangen! / Ich mag diese Position! Lass uns beginnen!
13;Do you want to play again?;Veux-tu rejouer ?;Quieres jugar de nuevo?;Möchtest du noch einmal spielen?
14;Yes;Oui;Si;Ja
15;No;Non;No;Nein
16;Ouch, I should train again for this one./ Sorry, I slipped. / I was too tense today, sorry.;Ouille, je devrais m'entrainer encore pour ça./Désolé, j'ai glissé./J'étais un peu trop tendu aujourd'hui, désolé.;Ouch, debo entrenar de nuevo para ésto. / Lo siento, me resbalé. / Estoy demasiado tenso hoy, lo siento.;Autsch das sollte ich wohl nochmal üben./Tut mir leid, ich bin ausgerutscht/Ich bin heute wohl zu verspannt um zu tanzen!
40;Let's begin in the mountain pose: \Pau=200\ Stand tall \Pau=200\ press your shoulders back and hang your arms beside your torso \Pau=200\;Commençons avec la posture de la montagne : \Pau=200\ Tiens toi bien droit \Pau=200\ Mets tes épaules en arrière et laisse tes bras pendre le long de ton corps \Pau=200\;Vamos a empezar con la postura de la montaña : \Pau=200\ Párate con los pies paralelos \Pau=200\ Pon los hombros hacia atrás y los brazos a cada lado del cuerpo \Pau=200\;Wir beginnen in der Berg Position: \Pau=200\ Stell dich gerade hin \Pau=200\ drücke deine Schultern nach hinten und halte deine Arme neben deinem Körper \Pau=200\
41;Now extend your arms out to either side.;Maintenant étends tes bras de chaque côté.;Ahora eleva los brazos a cada lado;Nun strecke deine Arme zu beiden Seiten aus
42;Lift your left foot and turn your knee out \Pau=200\ Place your foot below your right knee.;Soulève ton pied gauche et tourne ton genou vers l'extérieur \Pau=200\ Mets ton pied sous ton genou droit.;Lleva la planta del pie izquierda y gira la rodilla hacia fuera. \Pau=200\ Pon tu pie bajo la rodilla derecha.;Hebe deinen linken Fuß und drehe dein Knie nach außen \Pau=200\ Halte deinen Fuß unterhalb des rechten Knies
43;Raise your arms overhead and look up to your hands \Pau=200\ Now breathe in deeply \Pau=200\;Lève tes bras au dessus de ta tête et regarde tes mains \Pau=200\ Maintenant, inspire profondément. \Pau=200\;Eleva los brazos al cielo y mira tus manos. \Pau=200\ Ahora, inspira profundamente. \Pau=200\;Erhebe deine Arme über deinen Kopf und schaue hoch zu deinen Händen \Pau=200\ Nun atme tief ein \Pau=200\
44;Return your hands to your chest and lower your left leg;Remets tes mains le long de ton corps et baisse ta jambe gauche;baja nuevamente los brazos y la pierna izquierda;Senke deine Hände und dein linkes Bein
45;Now we'll repeat the pose with our right leg;Maintenant nous allons répéter la position avec notre jambe droite.;Ahora vamos a hacer la postura de nuevo con la pierna derecha.;Nun wiederholen die Position mit dem rechten Bein
46;Lift your right foot and turn your knee out \Pau=200\ Place your foot below your left knee.;Soulève ton pied droit et tourne ton genou vers l'extérieur. \Pau=200\ Mets ton pied sous ton genou gauche.;Lleva la planta del pie derecha y gira la rodilla hacia fuera. \Pau=200\ Pon tu pie bajo la rodilla izquierda.;Hebe deinen rechten Fuß und drehe dein Knie nach außen \Pau=200\ Halte deinen Fuß unterhalb des linken Knies
47;Return your hands to your chest and lower your right leg;Remets tes mains le long de ton corps et baisse ta jambe droite;baja nuevamente los brazos y la pierna derecha;Senke deine Hände und dein rechtes Bein
50;Please squat on the floor, \Pau=150\ spread your knees \Pau=100\ balancing on your toes \Pau=150\ and put your hands on the floor between your legs;S'il te plait, accroupis-toi sur le sol, \Pau=150\ écarte les genous \Pau=100\ en équilibre sur les orteils \Pau=150\ et mets tes mains sur le sol entre tes jambes;Por favor, ponte en cuclillas en el suelo, \Pau=150\ extiende tus rodillas \Pau=100\ de puntillas \Pau=150\ y pon tus manos en el suelo entre tus piernas.;Bitte gehe in die Hocke \Pau=150\ breite deine Knie aus \Pau=100\ während du auf den Zehen balancierst \Pau=150\ und stütze dich mit deinen Händen zwischen deinen Beinen auf dem Boden ab
51;Look up and inhale;Regarde en haut et inspire;Mira al cielo e inspira;Schau nach oben und atme ein
52;Now straighten your legs, lower your head towards your knees and exhale;Maintenant tends tes jambes, baisse ta tête vers tes genoux et expire;Ahora estira las piernas, baja la cabeza hacia las rodillas y expira;Nun richte deine Beine auf, lass deinen Kopf Richtung Knie sinken \Pau=100\ und atme aus
53;Once again! Go back to the squatting position!;Encore une fois ! Reviens à la position accroupie !;Una vez más! Vuelve a la posición en cuclillas!;Nochmal! Geh zurück in die Hocke!
54;Good! Let's stand up and go back to the mountain position;Bien ! Relevons-nous et retournons à la posture de la montagne;Bien! Levantémonos y volvamos a la postura de la montaña;Gut! Stehen wir wieder auf und kehren zurück in die Berg Position
60;Stand tall and reach your arms up to the sky;Mets toi debout et monte tes bras vers le ciel;Levántate y pon tus brazos hacia el cielo;Stelle dich gerade hin und strecke deine Arme zum Himmel
61;Allow your knees to relax as your arms fall towards the floor and exhale;Laisse tes genoux se détendre pendant que tes bras se dirigent vers le sol et expire;Deja que tus rodillas se relajen mientras que tus brazos van hacia el suelo, y expira;Entspanne deine Knie \Pau=100\ lass deine Arme Richtung Boden fallen und atme aus
62;Move your head, up and down;Hoche la tête comme pour dire oui;Asiente con la cabeza!;Nicke mit deinem Kopf
63;Now, from side to side;Ensuite secoue la tête comme pour dire Non;Pués mueve la cabeza como para decir No;Dann schüttel deinen Kopf
64;Now, move slowly back to the starting position.;Ensuite reviens lentement à la position debout.;Ahora levántate lentamente.;Nun rolle dein Körper langsam nach oben, bis du wieder stehst
65;Once again!;Encore une fois !;Una vez más!;Noch einmal!
70;Raise your hands over your head \Pau=150\ pressing your palms together and inhale!;Lève tes mains au dessus de ta tête \Pau=150\ en appuyant les paumes ensemble et inspire !;Levanta tus manos sobre tu cabeza \Pau=150\ presionando tus palmas juntas e inspira!;Erhebe deine Hände über deinen Kopf \Pau=150\, drücke die Handflächen zusammen und atme ein!
71;Then tilt your body to the right side and exhale!;Ensuite penche ton corps vers la droite et expire !;Pués inclina tu cuerpo hacia la derecha y expira!;Neige deinen Körper zur rechten Seite und atme aus!
72;Return to standing straight and inhale!;Reviens à la position droite debout et inspire !;Levántate de nuevo e inspira!;Nun stell dich wieder gerade hin und atme ein!
73;Now tilt your body to the left side and exhale!;Maintenant penche ton corps vers la gauche et expire !;Ahora inclina tu cuerpo hacia la izquierda y expira!;Neige deinen Körper zur linken Seite und atme aus!
74;Lower your arms and exhale!;Baisse les bras et expire !;Baja tus brazos y expira!;Senke deine Arme und atme aus
80;Stand with your feet wide apart;Ecarte bien les jambes;Abre las piernas;Breite deine Beine aus
81;Now bend your knees and inhale;Maintenant plie les genoux et inspire;Ahora dobla las rodillas e inspira;Nun geh in die Knie und atme ein
82;Straighten your legs, \Pau=200\ swing your arms to the left and exhale;Redresse tes jambes, \Pau=200\ balance tes bras vers la gauche et expire;Estira las piernas, \Pau=200\ balancea los brazos hacia la izquierda y expira;Strecke deine Beine wieder aus \Pau=200\ schwinge deine Arme zur linken Seite und atme aus
83;Swing your arms back down, \Pau=200\ lower your knees and inhale;Balance tes bras vers le bas, \Pau=200\ baisse les genoux et inspire;Balancea los brazos abajo, \Pau=200\ baja las rodillas e inspira;Schwinge deine Arme wieder nach unten \Pau=200\ geh in die Knie und atme ein
84;Raise up \Pau=200\ swing your arms to the right side and exhale;Relève toi, \Pau=200\ balance tes bras vers la droite et expire;Levántate, \Pau=200\ balancea los brazos hacia la derecha y expira;Erhebe dich \Pau=200\, schwinge deine Arme zur rechten Seite und atme aus
85;Once Again! Swing your arms back down, \Pau=200\ lower your knees and inhale;Encore une fois ! Balance tes bras à nouveau vers le bas, \Pau=200\ baisse les genoux et inspire;Una vez más! Balancea los brazos abajo de nuevo, \Pau=200\ baja las rodillas e inspira;Noch einmal! Schwinge deine Arme zurück nach unten \Pau=200\ geh in die Knie und atme ein
86;Well done! Now bring your feet back together;Bien joué ! Maintenant, rapproche tes pieds;Bien hecho! Ahora, pon tus pies juntos;Sehr gut! Nun stell deine Füße wieder nebeneinander
90;Extend your arms out to either side;Etends tes bras de chaque côté;Estira los brazos a cada lado;Strecke deine Arme zu beiden Seiten aus
91;When you feel balanced, lean forward, \Pau=200\ lifting your right leg straight behind you, and exhale;Quand tu te sens en équilibre, penche toi vers l'avant, \Pau=200\ tends ta jambe droite derrière toi, et expire;Cuando te sientes equilibrado, inclínate hacia delante, \Pau=200\ Levanta la pierna derecha detrás y expira;Wenn du genug Gleichgewicht hast, lehne dich nach vorn \Pau=200\ strecke dein rechtes Bein nach hinten und atme aus
92;Hold this pose for a while;Tiens cette position pendant un moment;mantén esta posición durante un momento;Halte diese Stellung für einen Moment
93;Return your right leg to the ground and your arms to your sides;Repose ta jambe droite sur le sol et tes bras le long de ton corps;Pon tu pierna derecha en el suelo y tus brazos al lado de tu cuerpo;Stelle dein rechtes Bein wieder auf den Boden und strecke deine Arme zu beiden Seiten aus
94;Now lean forward \Pau=200\ lifting your left leg straight behind you and exhale;Maintenant penche toi vers l'avant, \Pau=200\ tends ta jambe gauche derrière toi, et expire;Ahora inclínate hacia delante, \Pau=200\ Levanta la pierna izquierda detrás y expira;Nun lehne dich nach vorne \Pau=200\ strecke dein linkes Bein nach hinten und atme aus
95;Return your left leg to the ground and your arms to your sides;Repose ta jambe gauche sur le sol et tes bras le long de ton corps;Pon tu pierna izquierda en el suelo y tus brazos al lado de tu cuerpo;Stelle dein linkes Bein wieder auf den Boden und strecke deine Arme zu beiden Seiten aus
96;Great! Now back to the mountain pose;Super ! Maintenant revenons à la posture de la montagne;Bien! Levantémonos y volvamos a la postura de la montaña;Super! Nun kehren wir zurück in die Berg Position
100;Stand with your feet wide apart \Pau=200\ and stretch your arms out to either side.;Mets toi debout, les pieds bien écartés \Pau=200\ et étends tes bras de chaque côté.;Levántate, abre las piernas \Pau=200\ y estira los brazos a cada lado;Stell deine Füße weit auseinander \Pau=200\ und strecke deine Arme zu beiden Seiten aus
101;Breathe in deeply;Inspire profondément.;Inspira profundamente;Atme tief ein
102;Put your feet back together and lower your arms;Rapproche tes pieds et baisse tes bras;pon tus pies juntos y baja los brazos;Bring deine Füße wieder zusammen und senke deine Arme
103;Once again! Stand with your feet wide apart \Pau=200\ and stretch your arms out to either side.;Encore une fois ! Mets toi debout, les pieds écartés \Pau=200\ et étends tes bras de chaque côté.;Una vez más! Levántate, abre las piernas \Pau=200\ y estira los brazos a cada lado;Noch einmal! Stell deine Füße weit auseinander \Pau=200\ und strecke deine Arme zu beiden Seiten aus
104;Great! Put your feet back together and lower your arms;Super ! Rapproche tes pieds et baisse tes bras;Super! pon tus pies juntos y baja los brazos!;Spitze! Bring deine Füße wieder zusammen und senke deine Arme
110;Stand tall with your legs spread wide \Pau=200\ and reach your arms out to either side;Ecarte bien les jambes \Pau=200\ et tends tes bras de chaque côté.;Abre las piernas \Pau=200\ y estira los brazos a cada lado;Stell dich gerade hin und breite deine Beine aus \Pau=200\ und halte deine Arme zu beiden Seiten ausgestreckt
111;Now tilt your star to the left side \PAU=200\ balancing on your left leg;Maintenant penche ton étoile vers la gauche \Pau=200\ en équilibre sur ta jambe gauche;Ahora inclina tu estrella hacia la izquierda \Pau=200\ balanceando sobre la pierna izquierda;Nun neige deinen Stern zur linken Seite \Pau=200\ und balanciere auf dem linken Bein
112;Try to hold this position;Essaie de tenir cette posture;Trata de mantener esta posición;Versuch diese Stellung zu halten
113;Ok. Let's return to the star pose with both feet on the floor;OK. Retournons à la posture de l'étoile avec les deux pieds par terre.;Vale. Volvamos a la postura de la estrella con los pies en el suelo;Ok. Kehren wir zurück zur Stern Position mit beiden Beinen auf dem Boden
114;Tilt your star to the right side \PAU=200\ balancing on your right leg;Penche ton étoile vers la droite \Pau=200\ en équilibre sur ta jambe droite;Inclina tu estrella hacia la derecha \Pau=200\ balanceando sobre la pierna derecha;Neige deinen Stern zur rechten Seite \Pau=200\ und balanciere auf dem rechten Bein
115;Well done! Now bring your feet back together and lower your arms;Très bien ! Maintenant rapproche tes pieds et baisse tes bras;Muy bien! pon tus pies juntos y baja los brazos!;Sehr gut! Nun stell deine Füße wieder nebeneinander und senke deine Arme
120;Let's start in the mountain pose!;Commençons par la posture de la montagne !;Empezamos con la postura de la montaña!;Wir beginnen in der Berg Position
121;Bend your knees as if you were sitting in a chair \Pau=150\ and exhale;Plie les genoux comme si tu t'asseyais sur une chaise \Pau=150\ et expire;Dobla las rodillas como si te sientas en una silla \Pau=150\ y expira;Geh in die Knie, wie wenn du auf einem Stuhl sitzen würdest \Pau=150\ und atme aus
122;Reach your arms towards the ceiling with your palms facing each other;Lève tes bras vers le ciel, les paumes face à face;Pon tus brazos hacia el cielo, las palmas cara a cara;Strecke deine Arme zur Decke während deine Handflächen zueinander zeigen
123;Hold this pose;Tiens cette posture;Mantén esta postura;Halte diese Stellung
124;Straighten your legs and inhale;Tends les jambes et inspire;Estira les piernas e inspira;Strecke deine Beine aus und atme ein
125;Lower your arms and exhale;Baisse tes bras et expire;Baja los brazos y expira;Senke deine Arme und atme aus
126;Once Again! Back to the mountain pose;Encore une fois ! Commençons par la position de la montagne;Una vez más! Empezamos con la postura de la montaña!;Noch einmal! Wir beginnen in der Berg Position
130;Stand with your feet wide apart \Pau=50\;Mets toi debout, les pieds bien écartés \Pau=50\;Levántate, los pies separados \Pau=50\;Stell deine Füße weit auseinander \Pau=50\
131;Turn your left foot in, and, your right foot out, by 90 degrees;Tourne ton pied gauche vers l'intérieur et ton pied droit vers l'extérieur, à angle droit;Gira el pie izquierdo hacia adentro y el pie derecho hacia afuera en ángulo recto;Drehe deinen linken Fuß nach innen und deinen rechten Fuß 90 Grad nach außen
132;Lift your arms to shoulder height and inhale;Lève les bras vers tes épaules et inspire;Levanta los brazos hacia los hombros e inspira;Hebe deine Arme auf Schulterhöhe und atme ein
133;Bend your right knee and exhale;Plie ton genou droit et expire;Dobla la rodilla derecha y expira;Beuge dein rechtes Knie und atme aus
134;Keep your torso straight, turn your head, and look out over your right finger tips;Garde ton torse droit, tourne ta tête et regarde par dessus le bout de tes doigts droits;Estira tu torso, gira la cabeza y mira por encima de tus dedos derechos;Halte deinen Körper aufrecht, drehe deinen Kopf und schaue nach rechts über deine Fingerspitzen
135;Straighten your legs and lower your arms;Tends les jambes et baisse les bras;Estira las piernas y baja los brazos;Strecke deine Beine aus und senke deine Arme
136;Turn your right foot in and your left foot out 90 degrees;Tourne ton pied droit vers l'intérieur et ton pied gauche vers l'extérieur, à angle droit;Gira el pie derecho hacia adentro y el pie izquierdo hacia afuera en ángulo recto;Drehe deinen rechten Fuß nach innen und deinen linken Fuß 90 Grad nach außen
137;Bend your left knee and exhale;Plie ton genou gauche et expire;Dobla la rodilla izquierda y expira;Beuge dein linkes Knie und atme aus
138;Keep your torso straight, turn your head, and look out over your left finger tips;Garde ton torse droit, tourne ta tête et regarde par dessus le bout de tes doigts gauches;Estira tu torso, gira la cabeza y mira por encima de tus dedos izquierdos;Halte deinen Körper aufrecht, drehe deinen Kopf und schaue nach links über deine Fingerspitzen
140;Bend your knees;Plie les genoux;Dobla las rodillas;Geh in die Knie
141;Now stand up lifting your arms towards the ceiling.;Maintenant tiens toi debout et lève tes bras vers le ciel;Ahora levántate y levanta los brazos hacia el cielo;Nun steh auf und strecke deine Arme zur Decke
142;Bend your body backwards and inhale;Penche ton corps vers l'arrière et inspire;Inclina tu cuerpo detrás e inspira;Beuge deinen Körper nach hinten und atme ein
143;Straighten your back lowering your arms and exhale;Tends ton dos en baissant tes bras et expire;Estira tu espalda mientras que bajas tus brazos y expira;Halte deinen Rücken wieder gerade, senke deine Arme und atme aus
144;Once again! Bend your knees!;Encore une fois ! Plie les genoux !;Una vez más! Dobla las rodillas!;Noch einmal! Geh in die Knie!
150;tree pose;posture de l'arbre;postura del árbol;Baum Position
151;waterfall pose;posture de la cascade;postura de la cascada;Wasserfall Position
152;frog pose;posture de la grenouille;postura de la rana;Frosch Position
153;ragdoll pose;posture de la poupée de chiffon;postura de la muñeca de trapo;Puppen Position
154;crescent moon pose;posture du croissant de lune;postura de la luna creciente;Position aufgehender Mond
155;monkey pose;posture du singe;postura del mono;Affen Position
156;airplane pose;posture de l'avion;postura del avión;Flugzeug Position
157;star pose;posture de l'étoile;postura de la estrella;Stern Position
158;kite pose;posture du cerf-volant;postura de la cometa;Drachen Position
159;chair pose;posture de la chaise;postura de la silla;Stuhl Position
160;warrior 2 pose;posture du guerrier 2;postura del guerrero 2;Krieger 2 Position
161;pose;posture;postura;Position
